Date,Price,Generation
2024-01-01 00:00:00+00:00,32.935833333333335,1704.2849999999999
2024-01-02 00:00:00+00:00,53.58916666666667,2923.1091666666666
2024-01-03 00:00:00+00:00,45.965,3061.8575
2024-01-04 00:00:00+00:00,85.41000000000001,2424.8395833333334
2024-01-05 00:00:00+00:00,91.37041666666666,2037.9504166666666
2024-01-06 00:00:00+00:00,88.78166666666668,1568.3862500000002
2024-01-07 00:00:00+00:00,87.03666666666668,878.7225
2024-01-08 00:00:00+00:00,102.67708333333333,659.7195833333334
2024-01-09 00:00:00+00:00,109.39458333333334,299.89375
2024-01-10 00:00:00+00:00,111.62541666666665,273.1820833333333
2024-01-11 00:00:00+00:00,109.64791666666667,556.3054166666667
2024-01-12 00:00:00+00:00,105.06,1056.2183333333332
2024-01-13 00:00:00+00:00,70.30375,3269.7954166666664
2024-01-14 00:00:00+00:00,75.82416666666667,2606.4950000000003
2024-01-15 00:00:00+00:00,86.91208333333333,1973.4083333333335
2024-01-16 00:00:00+00:00,103.02291666666667,1083.4658333333334
2024-01-17 00:00:00+00:00,97.5225,2366.655416666667
2024-01-18 00:00:00+00:00,92.40458333333333,1842.8033333333333
2024-01-19 00:00:00+00:00,77.69458333333334,2533.85
2024-01-20 00:00:00+00:00,73.21541666666667,2509.02
2024-01-21 00:00:00+00:00,49.961666666666666,3270.6062500000003
2024-01-22 00:00:00+00:00,47.986250000000005,3383.8429166666665
2024-01-23 00:00:00+00:00,48.024166666666666,3306.0025
2024-01-24 00:00:00+00:00,33.42,3406.63625
2024-01-25 00:00:00+00:00,76.26791666666666,2149.724583333333
2024-01-26 00:00:00+00:00,55.794999999999995,3087.4654166666664
2024-01-27 00:00:00+00:00,57.477916666666665,2267.6974999999998
2024-01-28 00:00:00+00:00,54.91375,2416.61625
2024-01-29 00:00:00+00:00,77.71458333333334,1201.22
2024-01-30 00:00:00+00:00,66.49375,1660.8770833333335
2024-01-31 00:00:00+00:00,47.71416666666667,3040.6045833333333
2024-02-01 00:00:00+00:00,50.67875,3248.9733333333334
2024-02-02 00:00:00+00:00,52.718333333333334,3209.8279166666666
2024-02-03 00:00:00+00:00,35.06666666666667,3388.775416666667
2024-02-04 00:00:00+00:00,15.485,3578.181666666667
2024-02-05 00:00:00+00:00,42.121249999999996,1988.6595833333333
2024-02-06 00:00:00+00:00,48.75458333333333,2549.9125
2024-02-07 00:00:00+00:00,79.4725,2055.45375
2024-02-08 00:00:00+00:00,88.43208333333332,987.9812499999999
2024-02-09 00:00:00+00:00,63.12708333333333,3078.1366666666668
2024-02-10 00:00:00+00:00,66.55333333333333,3082.2979166666664
2024-02-11 00:00:00+00:00,61.497083333333336,2879.3775
2024-02-12 00:00:00+00:00,74.73541666666667,1128.9720833333333
2024-02-13 00:00:00+00:00,71.57791666666667,1344.7562500000001
2024-02-14 00:00:00+00:00,68.16416666666667,622.2900000000001
2024-02-15 00:00:00+00:00,70.26625,1040.9383333333333
2024-02-16 00:00:00+00:00,55.03375,2055.1025
2024-02-17 00:00:00+00:00,65.32375,1364.7341666666669
2024-02-18 00:00:00+00:00,53.184583333333336,1644.00375
2024-02-19 00:00:00+00:00,63.65041666666667,1572.1483333333333
2024-02-20 00:00:00+00:00,59.951249999999995,2143.0099999999998
2024-02-21 00:00:00+00:00,50.99208333333333,2400.4995833333332
2024-02-22 00:00:00+00:00,49.20791666666667,2191.5645833333333
2024-02-23 00:00:00+00:00,37.25625,3068.285
2024-02-24 00:00:00+00:00,57.189166666666665,1285.7645833333333
2024-02-25 00:00:00+00:00,61.09375,841.9916666666667
2024-02-26 00:00:00+00:00,66.26833333333333,660.1154166666666
2024-02-27 00:00:00+00:00,73.83624999999999,625.2162500000001
2024-02-28 00:00:00+00:00,68.53208333333333,1776.7150000000001
2024-02-29 00:00:00+00:00,50.21416666666667,2868.1991666666668
2024-03-01 00:00:00+00:00,64.40208333333334,1905.5337499999998
2024-03-02 00:00:00+00:00,63.973749999999995,1282.9754166666667
2024-03-03 00:00:00+00:00,59.682500000000005,1685.7395833333333
2024-03-04 00:00:00+00:00,69.58541666666666,1919.135
2024-03-05 00:00:00+00:00,64.84416666666667,2307.9012500000003
2024-03-06 00:00:00+00:00,82.835,1022.3633333333333
2024-03-07 00:00:00+00:00,76.32416666666667,847.1191666666667
2024-03-08 00:00:00+00:00,66.61833333333334,1170.6845833333334
2024-03-09 00:00:00+00:00,43.20458333333334,2578.69625
2024-03-10 00:00:00+00:00,34.01916666666667,3233.0241666666666
2024-03-11 00:00:00+00:00,60.385416666666664,3041.9808333333335
2024-03-12 00:00:00+00:00,86.445,773.06625
2024-03-13 00:00:00+00:00,63.946666666666665,1821.5900000000001
2024-03-14 00:00:00+00:00,54.24125,2268.9720833333336
2024-03-15 00:00:00+00:00,49.55583333333333,2402.045833333333
2024-03-16 00:00:00+00:00,43.291666666666664,3254.66
2024-03-17 00:00:00+00:00,59.209583333333335,1495.5200000000002
2024-03-18 00:00:00+00:00,68.18583333333333,2259.0983333333334
2024-03-19 00:00:00+00:00,72.72416666666668,2136.9691666666668
2024-03-20 00:00:00+00:00,91.34291666666667,605.22375
2024-03-21 00:00:00+00:00,79.41625,1256.5475
2024-03-22 00:00:00+00:00,49.61333333333334,2698.53125
2024-03-23 00:00:00+00:00,31.227083333333336,2650.2625000000003
2024-03-24 00:00:00+00:00,44.75958333333333,1135.1170833333333
2024-03-25 00:00:00+00:00,84.55708333333332,707.02
2024-03-26 00:00:00+00:00,62.29833333333334,1514.6274999999998
2024-03-27 00:00:00+00:00,70.04125,1648.42375
2024-03-28 00:00:00+00:00,52.03583333333333,1427.8329166666665
2024-03-29 00:00:00+00:00,37.762499999999996,2203.8675
2024-03-30 00:00:00+00:00,52.08166666666667,1331.1704166666666
2024-03-31 00:00:00+00:00,59.72695652173913,885.1565217391304
2024-04-01 00:00:00+00:00,47.864583333333336,884.0104166666666
2024-04-02 00:00:00+00:00,46.55375,1828.9154166666667
2024-04-03 00:00:00+00:00,81.1825,1552.45
2024-04-04 00:00:00+00:00,61.92041666666666,2152.8304166666667
2024-04-05 00:00:00+00:00,49.193333333333335,1788.4350000000002
2024-04-06 00:00:00+00:00,33.253750000000004,1869.46125
2024-04-07 00:00:00+00:00,10.649583333333334,2838.9366666666665
2024-04-08 00:00:00+00:00,65.24,1593.6779166666665
2024-04-09 00:00:00+00:00,52.64833333333333,1866.2966666666669
2024-04-10 00:00:00+00:00,39.16833333333333,3326.8391666666666
2024-04-11 00:00:00+00:00,38.33,2796.8645833333335
2024-04-12 00:00:00+00:00,36.98083333333333,2117.99125
2024-04-13 00:00:00+00:00,12.617916666666666,2090.5625
2024-04-14 00:00:00+00:00,15.629583333333334,3205.1420833333336
2024-04-15 00:00:00+00:00,66.88833333333334,1635.3125
2024-04-16 00:00:00+00:00,55.31125,1960.92375
2024-04-17 00:00:00+00:00,102.00875,1139.4979166666667
2024-04-18 00:00:00+00:00,95.82208333333334,1095.6066666666668
2024-04-19 00:00:00+00:00,58.555416666666666,1620.1575
2024-04-20 00:00:00+00:00,58.23875,1007.9933333333333
2024-04-21 00:00:00+00:00,55.15083333333333,1644.3154166666666
2024-04-22 00:00:00+00:00,97.98083333333334,1294.4220833333334
2024-04-23 00:00:00+00:00,97.75833333333333,1248.6200000000001
2024-04-24 00:00:00+00:00,93.99874999999999,1130.4816666666666
2024-04-25 00:00:00+00:00,90.62708333333335,660.2479166666667
2024-04-26 00:00:00+00:00,86.00999999999999,1295.0091666666667
2024-04-27 00:00:00+00:00,67.77458333333334,955.8241666666667
2024-04-28 00:00:00+00:00,24.77416666666667,2074.5575000000003
2024-04-29 00:00:00+00:00,77.92333333333333,2087.3145833333333
2024-04-30 00:00:00+00:00,54.88833333333333,2083.530416666667
2024-05-01 00:00:00+00:00,22.90375,2597.1070833333333
2024-05-02 00:00:00+00:00,22.54625,3219.24
2024-05-03 00:00:00+00:00,49.4925,2564.4995833333332
2024-05-04 00:00:00+00:00,75.14708333333333,775.3329166666667
2024-05-05 00:00:00+00:00,54.62,865.4991666666666
2024-05-06 00:00:00+00:00,92.58458333333334,1252.8225
2024-05-07 00:00:00+00:00,88.85791666666667,1188.7458333333334
2024-05-08 00:00:00+00:00,89.78666666666668,862.01625
2024-05-09 00:00:00+00:00,58.8425,1400.9445833333332
2024-05-10 00:00:00+00:00,70.5525,1130.5445833333333
2024-05-11 00:00:00+00:00,51.138749999999995,829.8658333333333
2024-05-12 00:00:00+00:00,22.170833333333334,1256.49125
2024-05-13 00:00:00+00:00,29.534166666666668,2589.0379166666667
2024-05-14 00:00:00+00:00,18.48125,2677.165
2024-05-15 00:00:00+00:00,25.541666666666668,2771.7004166666666
2024-05-16 00:00:00+00:00,18.3625,3453.912083333333
2024-05-17 00:00:00+00:00,22.291666666666668,2969.2016666666664
2024-05-18 00:00:00+00:00,44.60874999999999,1663.8925
2024-05-19 00:00:00+00:00,52.50541666666666,1140.1883333333333
2024-05-20 00:00:00+00:00,63.60041666666667,1316.9654166666667
2024-05-21 00:00:00+00:00,53.899166666666666,2165.8929166666667
2024-05-22 00:00:00+00:00,47.02333333333333,2613.9341666666664
2024-05-23 00:00:00+00:00,90.03375,967.6475
2024-05-24 00:00:00+00:00,101.075,959.3054166666667
2024-05-25 00:00:00+00:00,71.94125,1161.2525
2024-05-26 00:00:00+00:00,59.201249999999995,876.8433333333332
2024-05-27 00:00:00+00:00,94.71375,1425.5758333333333
2024-05-28 00:00:00+00:00,87.02958333333333,661.46875
2024-05-29 00:00:00+00:00,67.24333333333333,1781.03625
2024-05-30 00:00:00+00:00,91.49333333333334,1272.5466666666666
2024-05-31 00:00:00+00:00,76.79958333333333,1359.7379166666667
2024-06-01 00:00:00+00:00,54.531666666666666,1359.7379166666667
2024-06-02 00:00:00+00:00,17.061666666666667,1975.2204166666668
2024-06-03 00:00:00+00:00,90.54458333333334,2498.5495833333334
2024-06-04 00:00:00+00:00,88.79458333333334,1671.8716666666667
2024-06-05 00:00:00+00:00,55.409166666666664,2673.4420833333334
2024-06-06 00:00:00+00:00,78.72583333333334,1796.939583333333
2024-06-07 00:00:00+00:00,77.66416666666667,1705.6266666666668
2024-06-08 00:00:00+00:00,23.24,1974.16
2024-06-09 00:00:00+00:00,9.051666666666668,2971.4329166666666
2024-06-10 00:00:00+00:00,52.0825,2995.5008333333335
2024-06-11 00:00:00+00:00,58.96666666666667,1883.0125
2024-06-12 00:00:00+00:00,79.17208333333333,2450.40625
2024-06-13 00:00:00+00:00,86.81416666666667,1834.4833333333333
2024-06-14 00:00:00+00:00,71.83458333333333,1521.3016666666665
2024-06-15 00:00:00+00:00,19.04375,2152.4570833333332
2024-06-16 00:00:00+00:00,26.932916666666667,1818.7308333333333
2024-06-17 00:00:00+00:00,90.45708333333333,1637.8062499999999
2024-06-18 00:00:00+00:00,94.72500000000001,1618.2879166666664
2024-06-19 00:00:00+00:00,61.65833333333333,2530.1837499999997
2024-06-20 00:00:00+00:00,92.35041666666666,1942.8754166666668
2024-06-21 00:00:00+00:00,96.88916666666667,872.6695833333333
2024-06-22 00:00:00+00:00,52.212916666666665,1183.9941666666666
2024-06-23 00:00:00+00:00,50.30625,1419.5475
2024-06-24 00:00:00+00:00,92.08541666666667,1217.7970833333334
2024-06-25 00:00:00+00:00,75.78416666666666,883.8541666666666
2024-06-26 00:00:00+00:00,59.291666666666664,1012.1458333333334
2024-06-27 00:00:00+00:00,85.85833333333333,1627.3933333333334
2024-06-28 00:00:00+00:00,57.23374999999999,2145.8879166666666
2024-06-29 00:00:00+00:00,70.01583333333333,1565.3462499999998
2024-06-30 00:00:00+00:00,43.852916666666665,1136.86
2024-07-01 00:00:00+00:00,84.83749999999999,1851.0649999999998
2024-07-02 00:00:00+00:00,48.572916666666664,2562.31375
2024-07-03 00:00:00+00:00,65.97375,2289.3229166666665
2024-07-04 00:00:00+00:00,17.204166666666666,2607.6008333333334
2024-07-05 00:00:00+00:00,19.762916666666666,3158.6425
2024-07-06 00:00:00+00:00,15.630833333333333,2071.795416666667
2024-07-07 00:00:00+00:00,21.4375,2729.6991666666668
2024-07-08 00:00:00+00:00,87.83833333333332,1138.9266666666667
2024-07-09 00:00:00+00:00,71.84333333333333,1153.8725
2024-07-10 00:00:00+00:00,64.17791666666666,1963.10125
2024-07-11 00:00:00+00:00,91.13666666666667,1079.9908333333333
2024-07-12 00:00:00+00:00,88.835,998.4991666666666
2024-07-13 00:00:00+00:00,28.39125,1672.7883333333332
2024-07-14 00:00:00+00:00,36.71333333333333,1665.1945833333332
2024-07-15 00:00:00+00:00,66.98791666666666,1829.6104166666667
2024-07-16 00:00:00+00:00,51.86041666666667,1138.9420833333334
2024-07-17 00:00:00+00:00,73.87208333333334,1591.3641666666665
2024-07-18 00:00:00+00:00,74.77166666666666,2006.39875
2024-07-19 00:00:00+00:00,84.97333333333334,1093.4904166666668
2024-07-20 00:00:00+00:00,62.37041666666667,1201.2675
2024-07-21 00:00:00+00:00,51.724583333333335,1592.88375
2024-07-22 00:00:00+00:00,80.53125,1686.0775
2024-07-23 00:00:00+00:00,78.2175,1094.3395833333334
2024-07-24 00:00:00+00:00,51.413333333333334,2422.1491666666666
2024-07-25 00:00:00+00:00,77.14125,1560.4491666666665
2024-07-26 00:00:00+00:00,89.00625000000001,1370.96375
2024-07-27 00:00:00+00:00,80.32958333333333,1163.2870833333334
2024-07-28 00:00:00+00:00,40.064166666666665,2292.1158333333333
2024-07-29 00:00:00+00:00,62.975,1669.2079166666665
2024-07-30 00:00:00+00:00,76.77,1044.2466666666667
2024-07-31 00:00:00+00:00,77.57666666666667,1809.53125
2024-08-01 00:00:00+00:00,92.82541666666667,1593.2854166666666
2024-08-02 00:00:00+00:00,93.50708333333334,1087.20125
2024-08-03 00:00:00+00:00,74.57458333333334,882.0583333333334
2024-08-04 00:00:00+00:00,55.80291666666667,1815.4454166666667
2024-08-05 00:00:00+00:00,90.15583333333332,1358.905
2024-08-06 00:00:00+00:00,86.98,1202.1191666666666
2024-08-07 00:00:00+00:00,92.90958333333333,1351.2229166666666
2024-08-08 00:00:00+00:00,93.13166666666666,1335.8354166666666
2024-08-09 00:00:00+00:00,20.274583333333336,2687.811666666667
2024-08-10 00:00:00+00:00,7.44625,2715.6462500000002
2024-08-11 00:00:00+00:00,37.865,2235.11875
2024-08-12 00:00:00+00:00,92.05833333333334,1122.8229166666667
2024-08-13 00:00:00+00:00,91.19125000000001,2181.9979166666667
2024-08-14 00:00:00+00:00,107.80541666666666,1187.69125
2024-08-15 00:00:00+00:00,84.35208333333334,1400.2729166666666
2024-08-16 00:00:00+00:00,105.86625,1290.0116666666665
2024-08-17 00:00:00+00:00,93.21125,1216.8462499999998
2024-08-18 00:00:00+00:00,85.78625,1196.3145833333333
2024-08-19 00:00:00+00:00,108.16708333333334,1211.2883333333334
2024-08-20 00:00:00+00:00,70.78708333333333,2084.590833333333
2024-08-21 00:00:00+00:00,38.37625,2082.0883333333336
2024-08-22 00:00:00+00:00,24.322083333333335,2361.3545833333333
2024-08-23 00:00:00+00:00,13.797916666666666,2665.2545833333334
2024-08-24 00:00:00+00:00,48.37708333333333,1647.1108333333334
2024-08-25 00:00:00+00:00,19.495833333333334,2285.3491666666664
2024-08-26 00:00:00+00:00,52.379999999999995,2537.9883333333332
2024-08-27 00:00:00+00:00,89.03208333333333,1567.6595833333333
2024-08-28 00:00:00+00:00,95.28375,1821.0545833333333
2024-08-29 00:00:00+00:00,111.08666666666666,1737.8033333333333
2024-08-30 00:00:00+00:00,105.75958333333334,1490.9358333333332
2024-08-31 00:00:00+00:00,78.95875,1246.1504166666666
2024-09-01 00:00:00+00:00,62.88375,1018.1608333333334
2024-09-02 00:00:00+00:00,113.91458333333333,1480.2920833333335
2024-09-03 00:00:00+00:00,132.64875,1739.8891666666668
2024-09-04 00:00:00+00:00,124.72291666666666,840.7120833333333
2024-09-05 00:00:00+00:00,46.88625,2354.499166666667
2024-09-06 00:00:00+00:00,36.71375,2454.28375
2024-09-07 00:00:00+00:00,78.65541666666667,1608.1216666666667
2024-09-08 00:00:00+00:00,68.97666666666667,1410.4179166666665
2024-09-09 00:00:00+00:00,93.3125,1195.0029166666666
2024-09-10 00:00:00+00:00,16.993333333333336,2792.51375
2024-09-11 00:00:00+00:00,62.00375,1787.6304166666666
2024-09-12 00:00:00+00:00,112.04625,1194.7083333333333
2024-09-13 00:00:00+00:00,81.09375,2044.70875
2024-09-14 00:00:00+00:00,53.86000000000001,1481.6158333333333
2024-09-15 00:00:00+00:00,62.217083333333335,580.9566666666666
2024-09-16 00:00:00+00:00,97.34958333333333,989.4987500000001
2024-09-17 00:00:00+00:00,88.89416666666666,1092.7237499999999
2024-09-18 00:00:00+00:00,78.115,884.2325000000001
2024-09-19 00:00:00+00:00,78.34,993.2820833333334
2024-09-20 00:00:00+00:00,73.34041666666667,1108.1604166666666
2024-09-21 00:00:00+00:00,70.3125,1021.44625
2024-09-22 00:00:00+00:00,76.3525,947.7066666666666
2024-09-23 00:00:00+00:00,121.3625,768.4108333333334
2024-09-24 00:00:00+00:00,91.7725,1043.6454166666667
2024-09-25 00:00:00+00:00,56.043749999999996,2235.2533333333336
2024-09-26 00:00:00+00:00,54.062083333333334,1314.4433333333334
2024-09-27 00:00:00+00:00,17.707916666666666,1492.0416666666667
2024-09-28 00:00:00+00:00,16.841666666666665,3121.8916666666664
2024-09-29 00:00:00+00:00,57.09125,1451.1049999999998
2024-09-30 00:00:00+00:00,26.892916666666665,2747.1041666666665
2024-10-01 00:00:00+00:00,32.152499999999996,3212.6924999999997
2024-10-02 00:00:00+00:00,80.28041666666667,2108.929583333333
2024-10-03 00:00:00+00:00,72.65583333333333,1122.14
2024-10-04 00:00:00+00:00,96.12958333333334,458.10791666666665
2024-10-05 00:00:00+00:00,84.435,689.8725
2024-10-06 00:00:00+00:00,52.78041666666667,1356.2766666666666
2024-10-07 00:00:00+00:00,70.09875000000001,2064.9329166666666
2024-10-08 00:00:00+00:00,87.085,1491.20875
2024-10-09 00:00:00+00:00,83.05125,1095.26375
2024-10-10 00:00:00+00:00,42.30833333333333,1958.9008333333334
2024-10-11 00:00:00+00:00,62.67666666666667,2814.1575
2024-10-12 00:00:00+00:00,48.221666666666664,2223.304166666667
2024-10-13 00:00:00+00:00,14.855416666666665,1592.6116666666667
2024-10-14 00:00:00+00:00,104.67291666666667,1940.4166666666667
2024-10-15 00:00:00+00:00,94.99708333333332,794.2945833333333
2024-10-16 00:00:00+00:00,24.277083333333334,2901.6325
2024-10-17 00:00:00+00:00,60.32375,2357.92
2024-10-18 00:00:00+00:00,102.27375,554.6829166666666
2024-10-19 00:00:00+00:00,85.51625,917.5591666666668
2024-10-20 00:00:00+00:00,28.684583333333332,2121.992083333333
2024-10-21 00:00:00+00:00,56.26083333333333,2748.65375
2024-10-22 00:00:00+00:00,90.66375,1890.5408333333335
2024-10-23 00:00:00+00:00,106.74208333333333,1790.1258333333335
2024-10-24 00:00:00+00:00,99.21541666666667,1530.9420833333334
2024-10-25 00:00:00+00:00,112.71583333333332,876.6158333333333
2024-10-26 00:00:00+00:00,101.71875,759.4616666666667
2024-10-27 00:00:00+00:00,89.22250000000001,1811.2391666666665
2024-10-28 00:00:00+00:00,109.78583333333334,975.4591666666666
2024-10-29 00:00:00+00:00,141.04458333333332,429.97499999999997
2024-10-30 00:00:00+00:00,98.80083333333333,2223.272916666667
2024-10-31 00:00:00+00:00,44.90208333333334,2794.76625
2024-11-01 00:00:00+00:00,7.420833333333333,3252.9733333333334
2024-11-02 00:00:00+00:00,104.79833333333333,1003.53125
2024-11-03 00:00:00+00:00,70.11791666666666,2394.813333333333
2024-11-04 00:00:00+00:00,123.99791666666665,493.8283333333333
2024-11-05 00:00:00+00:00,157.13541666666666,311.8020833333333
2024-11-06 00:00:00+00:00,167.09083333333334,257.5629166666667
2024-11-07 00:00:00+00:00,146.69041666666666,275.52166666666665
2024-11-08 00:00:00+00:00,86.04791666666667,628.9504166666667
2024-11-09 00:00:00+00:00,114.47416666666668,954.7608333333334
2024-11-10 00:00:00+00:00,114.16916666666667,394.85249999999996
2024-11-11 00:00:00+00:00,121.76541666666667,549.9941666666667
2024-11-12 00:00:00+00:00,166.02041666666668,364.7029166666667
2024-11-13 00:00:00+00:00,138.06166666666667,1676.7679166666667
2024-11-14 00:00:00+00:00,106.2725,1972.4745833333334
2024-11-15 00:00:00+00:00,90.6175,2222.5804166666667
2024-11-16 00:00:00+00:00,23.75125,2859.5187499999997
2024-11-17 00:00:00+00:00,27.82041666666667,2859.5187499999997
2024-11-18 00:00:00+00:00,91.11708333333333,2093.2133333333336
2024-11-19 00:00:00+00:00,124.00708333333334,606.1775
2024-11-20 00:00:00+00:00,114.75166666666667,1001.7954166666667
2024-11-21 00:00:00+00:00,123.31791666666668,722.0954166666667
2024-11-22 00:00:00+00:00,111.30083333333333,1151.9216666666666
2024-11-23 00:00:00+00:00,66.22291666666668,2017.4458333333332
2024-11-24 00:00:00+00:00,4.307083333333334,3227.08
2024-11-25 00:00:00+00:00,29.99875,3069.3266666666664
2024-11-26 00:00:00+00:00,37.17875,3069.2995833333334
2024-11-27 00:00:00+00:00,116.005,1198.14375
2024-11-28 00:00:00+00:00,93.27749999999999,1823.9770833333334
2024-11-29 00:00:00+00:00,124.10791666666667,1324.0604166666667
2024-11-30 00:00:00+00:00,75.29333333333334,2207.8554166666668
2024-12-01 00:00:00+00:00,85.71166666666666,1825.4395833333335
2024-12-02 00:00:00+00:00,77.37875,1978.3241666666665
2024-12-03 00:00:00+00:00,132.345,2153.2491666666665
2024-12-04 00:00:00+00:00,177.82375000000002,909.7033333333334
2024-12-05 00:00:00+00:00,76.03750000000001,2638.1254166666668
2024-12-06 00:00:00+00:00,86.34166666666665,1564.3329166666665
2024-12-07 00:00:00+00:00,60.42291666666667,1751.6108333333332
2024-12-08 00:00:00+00:00,62.63125,2162.9466666666667
2024-12-09 00:00:00+00:00,77.3475,2418.2279166666667
2024-12-10 00:00:00+00:00,148.92708333333334,445.28833333333336
2024-12-11 00:00:00+00:00,255.54083333333335,521.76375
2024-12-12 00:00:00+00:00,395.33874999999995,269.37
2024-12-13 00:00:00+00:00,178.46624999999997,882.8570833333333
2024-12-14 00:00:00+00:00,58.69375,2207.255
2024-12-15 00:00:00+00:00,32.254583333333336,2673.0891666666666
2024-12-16 00:00:00+00:00,20.548333333333332,3525.1529166666664
2024-12-17 00:00:00+00:00,63.46458333333334,2226.8104166666667
2024-12-18 00:00:00+00:00,25.912916666666664,3287.872083333333
2024-12-19 00:00:00+00:00,25.225416666666664,2284.7995833333334
2024-12-20 00:00:00+00:00,32.27166666666667,2886.2029166666666
2024-12-21 00:00:00+00:00,21.625,2777.86375
2024-12-22 00:00:00+00:00,23.447083333333335,1968.5583333333334
2024-12-23 00:00:00+00:00,59.098749999999995,1995.6379166666666
2024-12-24 00:00:00+00:00,102.34541666666667,1287.68
2024-12-25 00:00:00+00:00,95.84791666666666,1248.7804166666667
2024-12-26 00:00:00+00:00,112.89208333333333,831.40125
2024-12-27 00:00:00+00:00,121.70625,648.9350000000001
2024-12-28 00:00:00+00:00,122.29666666666667,897.0520833333334
2024-12-29 00:00:00+00:00,50.28,2650.335416666667
2024-12-30 00:00:00+00:00,29.808333333333334,2994.5866666666666
2024-12-31 00:00:00+00:00,34.92875,2252.3087499999997
2025-01-01 00:00:00+00:00,6.095416666666666,2998.232083333334
2025-01-02 00:00:00+00:00,82.76083333333334,2232.0020833333333
2025-01-03 00:00:00+00:00,64.33125,2879.9874999999997
2025-01-04 00:00:00+00:00,120.79333333333334,1107.78875
2025-01-05 00:00:00+00:00,71.87291666666667,1881.9345833333334
2025-01-06 00:00:00+00:00,24.583333333333332,3213.6004166666667
2025-01-07 00:00:00+00:00,27.122500000000002,3390.478333333333
2025-01-08 00:00:00+00:00,75.45,2893.94375
2025-01-09 00:00:00+00:00,121.97000000000001,783.49625
2025-01-10 00:00:00+00:00,111.42375,1372.8774999999998
2025-01-11 00:00:00+00:00,98.65416666666665,1956.8070833333334
2025-01-12 00:00:00+00:00,110.06541666666668,769.86
2025-01-13 00:00:00+00:00,72.85458333333334,2731.1625
2025-01-14 00:00:00+00:00,55.8225,2766.5987499999997
2025-01-15 00:00:00+00:00,199.64916666666667,1096.5779166666666
2025-01-16 00:00:00+00:00,97.81458333333335,1791.7429166666668
2025-01-17 00:00:00+00:00,95.85000000000001,2084.647916666667
2025-01-18 00:00:00+00:00,132.64625,945.67125
2025-01-19 00:00:00+00:00,128.72416666666666,624.205
2025-01-20 00:00:00+00:00,231.39458333333334,514.3204166666667
2025-01-21 00:00:00+00:00,161.26583333333335,1239.9379166666665
2025-01-22 00:00:00+00:00,154.27625,1034.7820833333333
2025-01-23 00:00:00+00:00,96.18666666666667,1553.7612500000002
2025-01-24 00:00:00+00:00,34.931666666666665,2872.2275000000004
2025-01-25 00:00:00+00:00,78.73291666666667,2452.6829166666666
2025-01-26 00:00:00+00:00,97.77541666666667,1008.6929166666667
2025-01-27 00:00:00+00:00,38.990833333333335,2801.1008333333334
2025-01-28 00:00:00+00:00,86.5825,1701.54125
2025-01-29 00:00:00+00:00,105.53458333333333,826.6395833333332
2025-01-30 00:00:00+00:00,119.49791666666665,1546.2679166666667
2025-01-31 00:00:00+00:00,133.29166666666666,1227.8920833333334
2025-02-01 00:00:00+00:00,132.44166666666666,481.3733333333333
2025-02-02 00:00:00+00:00,135.165,718.1583333333333
2025-02-03 00:00:00+00:00,150.20583333333335,1044.7283333333332
2025-02-04 00:00:00+00:00,101.94375000000001,2060.5691666666667
2025-02-05 00:00:00+00:00,91.14416666666666,2227.117083333333
2025-02-06 00:00:00+00:00,138.08124999999998,1332.8025
2025-02-07 00:00:00+00:00,101.58333333333333,1808.8025
2025-02-08 00:00:00+00:00,78.77666666666666,2167.5570833333336
2025-02-09 00:00:00+00:00,108.2075,1637.06625
2025-02-10 00:00:00+00:00,81.10625,2692.170833333333
2025-02-11 00:00:00+00:00,75.18166666666666,3117.8312499999997
2025-02-12 00:00:00+00:00,129.83333333333334,2241.5329166666666
2025-02-13 00:00:00+00:00,159.2075,1370.7095833333333
2025-02-14 00:00:00+00:00,178.89625,492.425
2025-02-15 00:00:00+00:00,132.49416666666667,1167.8170833333334
2025-02-16 00:00:00+00:00,132.65041666666667,1024.5833333333333
2025-02-17 00:00:00+00:00,152.90333333333334,795.1570833333334
2025-02-18 00:00:00+00:00,132.27041666666665,653.0058333333333
2025-02-19 00:00:00+00:00,107.97250000000001,1492.5075
2025-02-20 00:00:00+00:00,66.08083333333333,2989.710833333333
2025-02-21 00:00:00+00:00,68.75791666666667,2084.474583333333
2025-02-22 00:00:00+00:00,64.69416666666667,2004.9020833333334
2025-02-23 00:00:00+00:00,74.23875,1560.5683333333334
2025-02-24 00:00:00+00:00,48.395833333333336,2625.8241666666668
2025-02-25 00:00:00+00:00,134.10125,1205.6020833333334
2025-02-26 00:00:00+00:00,134.29291666666666,1205.6020833333334
2025-02-27 00:00:00+00:00,125.28291666666667,681.3933333333333
2025-02-28 00:00:00+00:00,123.83333333333333,676.8033333333334
2025-03-01 00:00:00+00:00,120.5775,1167.7791666666667
2025-03-02 00:00:00+00:00,77.65541666666667,2208.085416666667
2025-03-03 00:00:00+00:00,55.067083333333336,2688.525416666667
2025-03-04 00:00:00+00:00,42.56041666666667,2962.6320833333334
2025-03-05 00:00:00+00:00,24.375,3454.3345833333333
2025-03-06 00:00:00+00:00,71.03166666666667,2079.0433333333335
2025-03-07 00:00:00+00:00,96.085,1385.1899999999998
2025-03-08 00:00:00+00:00,90.1475,638.4529166666667
2025-03-09 00:00:00+00:00,76.28708333333334,696.1766666666666
2025-03-10 00:00:00+00:00,108.8075,873.74125
2025-03-11 00:00:00+00:00,120.76833333333333,618.1162499999999
2025-03-12 00:00:00+00:00,122.39833333333333,616.6229166666667
2025-03-13 00:00:00+00:00,125.14083333333333,1004.0820833333333
2025-03-14 00:00:00+00:00,120.78416666666668,939.1908333333332
2025-03-15 00:00:00+00:00,92.73541666666667,1081.3816666666667
2025-03-16 00:00:00+00:00,62.82666666666666,2180.8304166666667
2025-03-17 00:00:00+00:00,97.14333333333333,1269.9979166666667
2025-03-18 00:00:00+00:00,86.51375,1516.6050000000002
2025-03-19 00:00:00+00:00,100.49833333333333,1070.9983333333332
2025-03-20 00:00:00+00:00,103.72625,715.7541666666667
2025-03-21 00:00:00+00:00,67.10125000000001,1753.41125
2025-03-22 00:00:00+00:00,12.442916666666667,3377.940416666667
2025-03-23 00:00:00+00:00,49.544999999999995,3093.93875
2025-03-24 00:00:00+00:00,128.1325,815.2845833333332
2025-03-25 00:00:00+00:00,96.26166666666667,1991.60125
2025-03-26 00:00:00+00:00,99.58416666666666,1908.2475000000002
2025-03-27 00:00:00+00:00,91.17916666666667,1967.3862499999998
2025-03-28 00:00:00+00:00,74.07416666666667,2116.0416666666665
2025-03-29 00:00:00+00:00,80.87333333333333,1271.7541666666668
2025-03-30 00:00:00+00:00,11.33695652173913,2551.7021739130437
2025-03-31 00:00:00+00:00,104.40249999999999,1264.9129166666667
2025-04-01 00:00:00+00:00,94.21916666666668,617.0329166666667
2025-04-02 00:00:00+00:00,63.65,578.4275
2025-04-03 00:00:00+00:00,76.88541666666667,663.08875
2025-04-04 00:00:00+00:00,83.25166666666667,1370.1358333333335
2025-04-05 00:00:00+00:00,55.56666666666666,1572.035
2025-04-06 00:00:00+00:00,51.23291666666666,843.59375
2025-04-07 00:00:00+00:00,94.96541666666667,1270.1608333333334
2025-04-08 00:00:00+00:00,98.74624999999999,634.6725
2025-04-09 00:00:00+00:00,91.15833333333335,634.6725
2025-04-10 00:00:00+00:00,61.01625000000001,1955.0037499999999
2025-04-11 00:00:00+00:00,36.149166666666666,2791.339583333334
2025-04-12 00:00:00+00:00,64.63541666666667,1190.1633333333334
2025-04-13 00:00:00+00:00,39.195,1915.4412499999999
2025-04-14 00:00:00+00:00,96.41083333333334,719.22125
2025-04-15 00:00:00+00:00,39.135416666666664,2554.265
2025-04-16 00:00:00+00:00,79.98375,1389.49875
2025-04-17 00:00:00+00:00,95.75958333333334,808.7958333333332
2025-04-18 00:00:00+00:00,80.12708333333333,1513.2241666666666
2025-04-19 00:00:00+00:00,64.94,1061.1333333333334
2025-04-20 00:00:00+00:00,70.84541666666667,820.0466666666666
2025-04-21 00:00:00+00:00,82.00375,513.77375
2025-04-22 00:00:00+00:00,112.42125,488.8208333333334
2025-04-23 00:00:00+00:00,109.41250000000001,523.0233333333333
2025-04-24 00:00:00+00:00,96.79625,912.31625
2025-04-25 00:00:00+00:00,88.52583333333332,979.8091666666668
2025-04-26 00:00:00+00:00,58.41958333333333,676.4691666666666
2025-04-27 00:00:00+00:00,46.07583333333333,1225.07875
2025-04-28 00:00:00+00:00,75.58958333333334,1549.5054166666666
2025-04-29 00:00:00+00:00,72.59125,1399.6970833333335
2025-04-30 00:00:00+00:00,75.10458333333334,1196.26
2025-05-01 00:00:00+00:00,60.74208333333333,1051.0066666666667
2025-05-02 00:00:00+00:00,58.967083333333335,1985.3258333333333
2025-05-03 00:00:00+00:00,52.862500000000004,1774.0729166666667
2025-05-04 00:00:00+00:00,33.527499999999996,2369.92625
2025-05-05 00:00:00+00:00,82.57708333333333,1890.8279166666669
2025-05-06 00:00:00+00:00,90.1475,2091.8579166666664
2025-05-07 00:00:00+00:00,98.93,1106.47625
2025-05-08 00:00:00+00:00,103.17708333333333,1053.0075
2025-05-09 00:00:00+00:00,80.87416666666667,1589.39
2025-05-10 00:00:00+00:00,67.93083333333333,1131.435
2025-05-11 00:00:00+00:00,56.97,1080.7250000000001
2025-05-12 00:00:00+00:00,75.935,1343.6254166666665
2025-05-13 00:00:00+00:00,78.91375000000001,1585.0433333333333
2025-05-14 00:00:00+00:00,70.75625000000001,1785.1433333333334
2025-05-15 00:00:00+00:00,64.31,2069.85875
2025-05-16 00:00:00+00:00,72.31,1974.1733333333334
2025-05-17 00:00:00+00:00,59.7925,2144.159166666667
2025-05-18 00:00:00+00:00,62.92041666666666,1671.7941666666666
2025-05-19 00:00:00+00:00,91.89083333333333,1881.1241666666667
2025-05-20 00:00:00+00:00,83.30833333333334,2237.7554166666664
2025-05-21 00:00:00+00:00,36.34916666666667,2616.03625
2025-05-22 00:00:00+00:00,29.378333333333334,2728.4058333333337
2025-05-23 00:00:00+00:00,76.16375000000001,1829.7116666666668
2025-05-24 00:00:00+00:00,57.788333333333334,1734.1883333333333
2025-05-25 00:00:00+00:00,13.469166666666666,2062.9666666666667
2025-05-26 00:00:00+00:00,47.84625,2332.9116666666664
2025-05-27 00:00:00+00:00,37.2425,2607.81375
2025-05-28 00:00:00+00:00,83.65833333333333,1222.5741666666668
2025-05-29 00:00:00+00:00,53.44416666666667,2033.38375
2025-05-30 00:00:00+00:00,39.50625,2249.7304166666668
2025-05-31 00:00:00+00:00,69.54666666666667,1332.4624999999999
2025-06-01 00:00:00+00:00,36.125416666666666,1769.90625
2025-06-02 00:00:00+00:00,77.63875,2218.95125
2025-06-03 00:00:00+00:00,57.84583333333333,2483.869166666667
2025-06-04 00:00:00+00:00,73.41333333333334,2041.9245833333334
2025-06-05 00:00:00+00:00,74.5175,2097.122083333333
2025-06-06 00:00:00+00:00,50.31,1881.6933333333334
2025-06-07 00:00:00+00:00,59.732499999999995,1241.9379166666665
2025-06-08 00:00:00+00:00,32.526666666666664,1524.85375
2025-06-09 00:00:00+00:00,34.83083333333333,2822.4058333333337
2025-06-10 00:00:00+00:00,61.36208333333334,1311.3770833333333
2025-06-11 00:00:00+00:00,70.83375,2575.4308333333333
2025-06-12 00:00:00+00:00,62.7775,1314.2458333333334
2025-06-13 00:00:00+00:00,51.03458333333333,2641.409166666667
2025-06-14 00:00:00+00:00,44.86416666666667,2664.3925000000004
2025-06-15 00:00:00+00:00,61.95458333333334,1100.7295833333333
2025-06-16 00:00:00+00:00,73.3625,2609.8224999999998
2025-06-17 00:00:00+00:00,74.19541666666667,2178.789166666667
2025-06-18 00:00:00+00:00,70.50500000000001,2452.4191666666666
2025-06-19 00:00:00+00:00,59.40375,2897.9816666666666
2025-06-20 00:00:00+00:00,86.55,1770.7970833333331
2025-06-21 00:00:00+00:00,72.84083333333334,1823.0095833333335
2025-06-22 00:00:00+00:00,50.26208333333333,1723.5329166666668
2025-06-23 00:00:00+00:00,25.31625,2581.5445833333333
2025-06-24 00:00:00+00:00,24.267916666666665,3104.0674999999997
2025-06-25 00:00:00+00:00,66.23291666666667,2514.56375
2025-06-26 00:00:00+00:00,91.36458333333333,1080.4391666666668
2025-06-27 00:00:00+00:00,47.42125000000001,2868.361666666667
2025-06-28 00:00:00+00:00,33.979166666666664,2257.6275
2025-06-29 00:00:00+00:00,38.50125,3033.5470833333334
2025-06-30 00:00:00+00:00,99.56833333333333,1654.7770833333334
2025-07-01 00:00:00+00:00,138.27708333333334,1682.4758333333332
2025-07-02 00:00:00+00:00,103.87958333333334,1680.3100000000002
2025-07-03 00:00:00+00:00,39.29833333333333,3498.847916666667
2025-07-04 00:00:00+00:00,68.10416666666667,2187.481666666667
2025-07-05 00:00:00+00:00,29.4675,2282.7758333333336
2025-07-06 00:00:00+00:00,70.66125,1512.1245833333332
2025-07-07 00:00:00+00:00,95.38083333333333,1286.1175
2025-07-08 00:00:00+00:00,89.81916666666666,1544.9662500000002
2025-07-09 00:00:00+00:00,91.79833333333333,1594.3895833333333
2025-07-10 00:00:00+00:00,90.41333333333334,1380.7354166666667
2025-07-11 00:00:00+00:00,87.88291666666667,1798.3229166666667
2025-07-12 00:00:00+00:00,67.50916666666667,2343.5875
2025-07-13 00:00:00+00:00,73.49083333333333,1648.4750000000001
2025-07-14 00:00:00+00:00,98.39,1183.1633333333334
2025-07-15 00:00:00+00:00,90.82458333333334,1007.7108333333334
2025-07-16 00:00:00+00:00,95.75041666666665,1022.335
2025-07-17 00:00:00+00:00,92.1325,1493.8462499999998
2025-07-18 00:00:00+00:00,100.93374999999999,906.5612500000001
2025-07-19 00:00:00+00:00,70.14208333333333,1082.9141666666667
2025-07-20 00:00:00+00:00,70.97625000000001,1757.3104166666665
2025-07-21 00:00:00+00:00,97.30458333333333,1236.7
2025-07-22 00:00:00+00:00,78.83916666666667,796.9433333333333
2025-07-23 00:00:00+00:00,75.99083333333333,1372.0241666666668
2025-07-24 00:00:00+00:00,100.56291666666668,1171.1595833333333
2025-07-25 00:00:00+00:00,95.75083333333333,1852.0333333333335
2025-07-26 00:00:00+00:00,88.62791666666668,1889.0691666666664
2025-07-27 00:00:00+00:00,79.43166666666666,1849.7041666666667
2025-07-28 00:00:00+00:00,69.93458333333334,2889.5575000000003
2025-07-29 00:00:00+00:00,58.38958333333333,2951.462916666667
2025-07-30 00:00:00+00:00,71.8425,1839.2804166666665
2025-07-31 00:00:00+00:00,85.05291666666666,1334.67125
2025-08-01 00:00:00+00:00,93.19041666666668,905.6970833333334
2025-08-02 00:00:00+00:00,67.22208333333333,959.3733333333333
2025-08-03 00:00:00+00:00,42.50208333333333,1728.3366666666668
2025-08-04 00:00:00+00:00,47.39083333333334,2015.5808333333334
2025-08-05 00:00:00+00:00,-0.08875000000000009,3508.905416666667
2025-08-06 00:00:00+00:00,21.55,3010.9500000000003
2025-08-07 00:00:00+00:00,69.99666666666667,1801.1233333333332
2025-08-08 00:00:00+00:00,75.71833333333333,1741.1766666666665
2025-08-09 00:00:00+00:00,60.32041666666667,1857.7387500000002
2025-08-10 00:00:00+00:00,50.12375,2230.7341666666666
2025-08-11 00:00:00+00:00,84.53208333333333,1336.1629166666667
2025-08-12 00:00:00+00:00,85.01916666666666,743.2620833333334
2025-08-13 00:00:00+00:00,99.83208333333333,1517.3141666666668
2025-08-14 00:00:00+00:00,104.98791666666666,1128.5833333333333
2025-08-15 00:00:00+00:00,69.61833333333333,1933.2720833333333
2025-08-16 00:00:00+00:00,60.07875000000001,2507.83125
2025-08-17 00:00:00+00:00,64.51333333333334,1628.2208333333335
2025-08-18 00:00:00+00:00,91.39125,1203.05875
2025-08-19 00:00:00+00:00,82.31,2101.9825
2025-08-20 00:00:00+00:00,89.40249999999999,1934.6729166666667
2025-08-21 00:00:00+00:00,91.23708333333333,2289.4729166666666
2025-08-22 00:00:00+00:00,63.95791666666667,3166.5237500000003
2025-08-23 00:00:00+00:00,68.13041666666666,2209.5591666666664
2025-08-24 00:00:00+00:00,63.75625,2244.7858333333334
2025-08-25 00:00:00+00:00,88.99291666666666,1968.015
2025-08-26 00:00:00+00:00,101.28500000000001,921.17
2025-08-27 00:00:00+00:00,104.90333333333332,1481.2945833333333
2025-08-28 00:00:00+00:00,115.9225,1049.6820833333334
2025-08-29 00:00:00+00:00,94.33666666666666,1207.9916666666666
2025-08-30 00:00:00+00:00,68.8875,1207.9916666666666
2025-08-31 00:00:00+00:00,56.66583333333333,1392.4104166666666
2025-09-01 00:00:00+00:00,99.99166666666667,1171.415
2025-09-02 00:00:00+00:00,121.42458333333333,1045.97625
2025-09-03 00:00:00+00:00,59.627916666666664,2458.3591666666666
2025-09-04 00:00:00+00:00,80.50166666666667,2397.63875
2025-09-05 00:00:00+00:00,99.91791666666667,1054.0433333333333
2025-09-06 00:00:00+00:00,75.51,1132.7020833333333
2025-09-07 00:00:00+00:00,44.38791666666666,1392.7091666666668
2025-09-08 00:00:00+00:00,116.00208333333335,2021.8295833333334
2025-09-09 00:00:00+00:00,141.3325,1043.17
2025-09-10 00:00:00+00:00,122.10333333333334,1381.5954166666668
2025-09-11 00:00:00+00:00,62.459583333333335,1800.0166666666667
2025-09-12 00:00:00+00:00,39.125416666666666,2240.68875
2025-09-13 00:00:00+00:00,42.370416666666664,2187.2595833333335
2025-09-14 00:00:00+00:00,70.59333333333333,1304.5541666666666
2025-09-15 00:00:00+00:00,3.0520833333333335,2808.8050000000003
2025-09-16 00:00:00+00:00,3.9966666666666666,3214.7570833333334
2025-09-17 00:00:00+00:00,32.63,2965.9675
2025-09-18 00:00:00+00:00,31.17625,2660.295
2025-09-19 00:00:00+00:00,53.71083333333333,2174.7954166666664
2025-09-20 00:00:00+00:00,59.326249999999995,1824.5629166666668
2025-09-21 00:00:00+00:00,8.90125,2939.435
2025-09-22 00:00:00+00:00,41.67875,2858.9670833333334
2025-09-23 00:00:00+00:00,103.08875,2858.9670833333334
2025-09-24 00:00:00+00:00,79.18916666666667,2858.9670833333334
2025-09-25 00:00:00+00:00,81.83666666666666,1394.88875
2025-09-26 00:00:00+00:00,64.43833333333333,2259.73
2025-09-27 00:00:00+00:00,81.04208333333334,2332.1120833333334
2025-09-28 00:00:00+00:00,86.86874999999999,1578.6720833333331
2025-09-29 00:00:00+00:00,130.28583333333333,1506.9570833333335
2025-09-30 00:00:00+00:00,135.39041666666665,1388.3462499999998
2025-10-01 00:00:00+00:00,116.02614583333333,1141.5725
2025-10-02 00:00:00+00:00,97.04041666666666,1629.4058333333332
2025-10-03 00:00:00+00:00,28.996145833333333,3076.096666666667
2025-10-04 00:00:00+00:00,-0.03864583333333333,2408.3133333333335
2025-10-05 00:00:00+00:00,2.0673958333333333,2713.099583333333
2025-10-06 00:00:00+00:00,81.42270833333333,2133.1291666666666
2025-10-07 00:00:00+00:00,135.14416666666668,904.6158333333333
2025-10-08 00:00:00+00:00,116.67083333333333,1305.2258333333334
2025-10-09 00:00:00+00:00,85.60812499999999,1958.3408333333334
2025-10-10 00:00:00+00:00,63.739270833333336,3049.8945833333332
2025-10-11 00:00:00+00:00,76.47989583333333,2915.9791666666665
2025-10-12 00:00:00+00:00,83.10541666666667,1996.4033333333334
2025-10-13 00:00:00+00:00,137.17822916666668,910.0829166666667
2025-10-14 00:00:00+00:00,155.84770833333332,983.4945833333333
2025-10-15 00:00:00+00:00,136.4365625,1596.9883333333335
2025-10-16 00:00:00+00:00,93.2915625,2367.5266666666666
2025-10-17 00:00:00+00:00,101.89135416666666,1817.885
2025-10-18 00:00:00+00:00,95.53166666666668,711.1166666666667
2025-10-19 00:00:00+00:00,69.4496875,1855.1304166666669
2025-10-20 00:00:00+00:00,66.70135416666666,2689.0125000000003
2025-10-21 00:00:00+00:00,58.6775,2386.4895833333335
2025-10-22 00:00:00+00:00,109.69447916666667,1700.9291666666668
2025-10-23 00:00:00+00:00,80.59625,1741.8654166666668
2025-10-24 00:00:00+00:00,38.0246875,1655.11625
2025-10-25 00:00:00+00:00,12.2284375,2387.3375
2025-10-26 00:00:00+00:00,12.71125,1850.3491666666666
2025-10-27 00:00:00+00:00,68.77041666666666,1790.71
2025-10-28 00:00:00+00:00,67.56645833333333,1690.83875
2025-10-29 00:00:00+00:00,84.499375,1495.98375
2025-10-30 00:00:00+00:00,70.03354166666666,1557.6058333333333
2025-10-31 00:00:00+00:00,82.54875,1412.4983333333332
2025-11-01 00:00:00+00:00,40.551770833333336,2293.9620833333333
2025-11-02 00:00:00+00:00,77.545625,1475.65625
2025-11-03 00:00:00+00:00,69.88697916666666,2157.8929166666667
2025-11-04 00:00:00+00:00,50.83197916666666,2809.523333333333
2025-11-05 00:00:00+00:00,80.4021875,1820.4325
2025-11-06 00:00:00+00:00,104.0396875,1123.1770833333333
2025-11-07 00:00:00+00:00,108.75947916666667,760.84125
2025-11-08 00:00:00+00:00,106.15427083333333,189.20375
2025-11-09 00:00:00+00:00,98.9375,156.87916666666666
2025-11-10 00:00:00+00:00,108.56364583333334,771.9354166666667
2025-11-11 00:00:00+00:00,86.52916666666665,1525.6783333333333
2025-11-12 00:00:00+00:00,53.97718750000001,2664.0325
2025-11-13 00:00:00+00:00,59.09708333333333,1925.9291666666666
2025-11-14 00:00:00+00:00,97.26520833333332,851.4458333333333
2025-11-15 00:00:00+00:00,80.705,1298.1416666666667
2025-11-16 00:00:00+00:00,92.74593750000001,1362.1845833333334
2025-11-17 00:00:00+00:00,86.63010416666667,1851.9558333333334
2025-11-18 00:00:00+00:00,102.51510416666667,1345.4095833333333
2025-11-19 00:00:00+00:00,104.961875,739.3554166666667
2025-11-20 00:00:00+00:00,125.28604166666666,2074.2845833333336
2025-11-21 00:00:00+00:00,145.70114583333333,896.7712499999999
2025-11-22 00:00:00+00:00,80.47270833333333,2497.9304166666666
2025-11-23 00:00:00+00:00,64.60895833333333,2772.2979166666664
2025-11-24 00:00:00+00:00,126.70083333333334,1996.9883333333335
2025-11-25 00:00:00+00:00,207.79385416666665,1298.4637500000001
2025-11-26 00:00:00+00:00,161.5178125,423.945
2025-11-27 00:00:00+00:00,72.64510416666667,2891.61875
2025-11-28 00:00:00+00:00,58.68083333333333,2949.424166666666
2025-11-29 00:00:00+00:00,72.68364583333333,2256.7970833333334
2025-11-30 00:00:00+00:00,60.01104166666667,2919.73625
2025-12-01 00:00:00+00:00,70.41104166666666,2867.2383333333332
2025-12-02 00:00:00+00:00,82.07072916666667,2473.555
2025-12-03 00:00:00+00:00,144.87229166666665,806.5379166666667
2025-12-04 00:00:00+00:00,122.67864583333333,877.6441666666666
2025-12-05 00:00:00+00:00,130.49947916666667,1040.26625
2025-12-06 00:00:00+00:00,72.99989583333333,1756.5645833333335
2025-12-07 00:00:00+00:00,80.09177083333333,1318.0254166666666
2025-12-08 00:00:00+00:00,52.93291666666667,3060.9175
2025-12-09 00:00:00+00:00,81.7578125,1735.5595833333334
2025-12-10 00:00:00+00:00,54.27427083333333,2933.5891666666666
2025-12-11 00:00:00+00:00,53.88395833333333,2751.5795833333336
2025-12-12 00:00:00+00:00,108.37572916666666,998.055
2025-12-13 00:00:00+00:00,86.7959375,1376.2162500000002
2025-12-14 00:00:00+00:00,41.74489583333334,3135.4670833333334
2025-12-15 00:00:00+00:00,67.03010416666667,2596.8229166666665
2025-12-16 00:00:00+00:00,105.03604166666668,1419.7741666666668
2025-12-17 00:00:00+00:00,103.83010416666667,871.8775
2025-12-18 00:00:00+00:00,58.74895833333333,2744.1924999999997
2025-12-19 00:00:00+00:00,47.060833333333335,2658.6120833333334
2025-12-20 00:00:00+00:00,96.5125,1310.7570833333334
2025-12-21 00:00:00+00:00,90.31010416666668,1097.92375
2025-12-22 00:00:00+00:00,82.57197916666667,1788.43375
2025-12-23 00:00:00+00:00,74.54020833333333,1727.4495833333333
2025-12-24 00:00:00+00:00,69.45552083333332,573.8941666666666
2025-12-25 00:00:00+00:00,69.8025,496.9670833333333
2025-12-26 00:00:00+00:00,97.53479166666666,408.9916666666666
2025-12-27 00:00:00+00:00,81.5740625,2055.7366666666667
2025-12-28 00:00:00+00:00,80.73739583333334,1695.2699999999998
2025-12-29 00:00:00+00:00,74.29718749999999,2307.1575
2025-12-30 00:00:00+00:00,86.89947916666667,1970.5354166666666
2025-12-31 00:00:00+00:00,86.23031250000001,1776.9395833333335
2026-01-01 00:00:00+00:00,17.222395833333334,2976.9888541666664
2026-01-02 00:00:00+00:00,57.070104166666674,2426.5053125
2026-01-03 00:00:00+00:00,88.6534375,1320.8073958333332
2026-01-04 00:00:00+00:00,94.43583333333333,766.5777083333334
2026-01-05 00:00:00+00:00,134.60364583333333,799.3953124999999
2026-01-06 00:00:00+00:00,127.42708333333333,906.2538541666667
2026-01-07 00:00:00+00:00,98.43604166666667,2040.0529166666665
2026-01-08 00:00:00+00:00,154.03625,1435.9059375
2026-01-09 00:00:00+00:00,78.39958333333333,3500.8158333333336
2026-01-10 00:00:00+00:00,97.38114583333333,2203.650208333333
2026-01-11 00:00:00+00:00,95.74697916666666,826.1335416666667
2026-01-12 00:00:00+00:00,89.86229166666668,2758.8842708333336
2026-01-13 00:00:00+00:00,105.14333333333333,1767.5208333333333
2026-01-14 00:00:00+00:00,117.06447916666667,1505.4488541666667
2026-01-15 00:00:00+00:00,101.111875,1881.5448958333334
2026-01-16 00:00:00+00:00,94.61,2179.251875
2026-01-17 00:00:00+00:00,112.21989583333334,1292.1786458333333
2026-01-18 00:00:00+00:00,108.01635416666666,1549.9729166666666
2026-01-19 00:00:00+00:00,141.111875,1140.1166666666666
2026-01-20 00:00:00+00:00,163.26364583333333,741.1807291666668
2026-01-21 00:00:00+00:00,104.53489583333334,2358.3253125
2026-01-22 00:00:00+00:00,81.44208333333334,3138.7041666666664
2026-01-23 00:00:00+00:00,97.07885416666666,3508.7728125
2026-01-24 00:00:00+00:00,105.85020833333334,2658.7482291666665
2026-01-25 00:00:00+00:00,111.01552083333333,2059.7410416666667
2026-01-26 00:00:00+00:00,132.58104166666666,2470.4340625
2026-01-27 00:00:00+00:00,122.68708333333332,2388.0596875
2026-01-28 00:00:00+00:00,132.3003125,2595.4568750000003
2026-01-29 00:00:00+00:00,123.013125,2572.031354166667
2026-01-30 00:00:00+00:00,98.82791666666667,3264.0190625
2026-01-31 00:00:00+00:00,87.82572916666668,3420.9280208333334
2026-02-01 00:00:00+00:00,90.79520833333333,3386.2075
2026-02-02 00:00:00+00:00,101.68083333333334,3546.6242708333334
2026-02-03 00:00:00+00:00,94.6840625,3839.7563541666664
2026-02-04 00:00:00+00:00,92.0303125,3644.3051041666663
2026-02-05 00:00:00+00:00,97.3778125,3396.892395833333
2026-02-06 00:00:00+00:00,115.54927083333332,2744.378541666667
2026-02-07 00:00:00+00:00,106.01187499999999,2383.6429166666667
2026-02-08 00:00:00+00:00,103.85041666666666,2223.4845833333334
2026-02-09 00:00:00+00:00,139.64291666666665,1356.6342708333334
2026-02-10 00:00:00+00:00,118.95541666666666,1155.5834375
2026-02-11 00:00:00+00:00,112.74697916666668,1841.2776041666666
2026-02-12 00:00:00+00:00,99.08875,2540.569479166667
2026-02-13 00:00:00+00:00,107.79833333333333,1841.3452083333332
2026-02-14 00:00:00+00:00,103.74166666666667,690.3197916666667
2026-02-15 00:00:00+00:00,84.2675,2425.5532291666664
2026-02-16 00:00:00+00:00,91.09322916666667,3331.5690625
2026-02-17 00:00:00+00:00,97.54885416666667,1688.2960416666667
2026-02-18 00:00:00+00:00,114.92177083333333,685.8222916666667
2026-02-19 00:00:00+00:00,94.98281250000001,1027.1871875
2026-02-20 00:00:00+00:00,84.64760416666667,2649.7370833333334
2026-02-21 00:00:00+00:00,63.76114583333333,2121.0034375
2026-02-22 00:00:00+00:00,57.526041666666664,1231.7467708333334
2026-02-23 00:00:00+00:00,81.42541666666666,1542.8001041666666
2026-02-24 00:00:00+00:00,115.64614583333334,625.2465625
2026-02-25 00:00:00+00:00,94.42031250000001,1919.2523958333334
2026-02-26 00:00:00+00:00,76.90166666666667,2278.8230208333334
2026-02-27 00:00:00+00:00,76.1634375,1743.7835416666667
2026-02-28 00:00:00+00:00,73.78458333333333,920.5521875
2026-03-01 00:00:00+00:00,55.113125,2434.2771875
2026-03-02 00:00:00+00:00,96.90395833333334,1621.5120833333333
2026-03-03 00:00:00+00:00,100.26406250000001,2078.9803125
2026-03-04 00:00:00+00:00,149.6678125,1197.9716666666666
2026-03-05 00:00:00+00:00,118.13729166666667,1252.6521875
2026-03-06 00:00:00+00:00,124.49791666666665,1096.350625
2026-03-07 00:00:00+00:00,120.26885416666666,433.94958333333335
2026-03-08 00:00:00+00:00,117.61979166666667,460.8415625
2026-03-09 00:00:00+00:00,138.23833333333332,684.8096875
2026-03-10 00:00:00+00:00,140.80989583333334,899.9763541666666
2026-03-11 00:00:00+00:00,76.21822916666666,2121.1466666666665
2026-03-12 00:00:00+00:00,50.91395833333333,3038.9514583333334
2026-03-13 00:00:00+00:00,46.18031250000001,2746.3690625
2026-03-14 00:00:00+00:00,120.76989583333334,788.5355208333334
2026-03-15 00:00:00+00:00,96.45677083333334,1635.8697916666667
2026-03-16 00:00:00+00:00,73.36916666666666,2278.3823958333332
2026-03-17 00:00:00+00:00,117.5471875,1925.1602083333335
2026-03-18 00:00:00+00:00,89.74489583333333,2056.024375
2026-03-19 00:00:00+00:00,115.16583333333334,1161.06375
2026-03-20 00:00:00+00:00,142.8715625,868.2674999999999
2026-03-21 00:00:00+00:00,114.33260416666667,592.7305208333333
2026-03-22 00:00:00+00:00,83.89354166666666,1181.7220833333333
2026-03-23 00:00:00+00:00,138.37479166666665,1171.4928125
2026-03-24 00:00:00+00:00,73.68927083333334,2581.5217708333334
2026-03-25 00:00:00+00:00,21.418541666666666,3705.7598958333333
2026-03-26 00:00:00+00:00,68.891875,3517.4278125
2026-03-27 00:00:00+00:00,114.95437500000001,2325.1266666666666
2026-03-28 00:00:00+00:00,80.11614583333333,1771.639479166667
2026-03-29 00:00:00+00:00,66.85271739130435,2464.7083695652177
2026-03-30 00:00:00+00:00,56.604166666666664,2844.234895833333
2026-03-31 00:00:00+00:00,111.7753125,2801.6640625
2026-04-01 00:00:00+00:00,138.7071875,1148.8103125
2026-04-02 00:00:00+00:00,105.61739583333333,2069.1413541666666
2026-04-03 00:00:00+00:00,80.23156250000001,2233.812604166667
2026-04-04 00:00:00+00:00,30.988645833333333,2977.6336458333335
2026-04-05 00:00:00+00:00,1.0113541666666668,3095.3223958333333
2026-04-06 00:00:00+00:00,23.986145833333335,3215.9528124999997
2026-04-07 00:00:00+00:00,90.34885416666667,1466.880625
2026-04-08 00:00:00+00:00,100.20739583333334,1151.7767708333333
2026-04-09 00:00:00+00:00,77.1303125,2653.3632291666668
2026-04-10 00:00:00+00:00,113.16864583333334,2415.2469791666667
2026-04-11 00:00:00+00:00,52.5078125,2276.663958333333
2026-04-12 00:00:00+00:00,75.21135416666667,2170.1740624999998
2026-04-13 00:00:00+00:00,123.50135416666666,1651.9015625
2026-04-14 00:00:00+00:00,137.04916666666665,1651.9015625
2026-04-15 00:00:00+00:00,117.02385416666668,924.6945833333334
2026-04-16 00:00:00+00:00,110.64166666666667,1200.7859375
2026-04-17 00:00:00+00:00,107.2990625,809.7912499999999
2026-04-18 00:00:00+00:00,91.22781250000001,1011.2287500000001
2026-04-19 00:00:00+00:00,85.5771875,1111.7673958333332
2026-04-20 00:00:00+00:00,97.70760416666667,2111.1023958333335
2026-04-21 00:00:00+00:00,84.298125,1323.515
2026-04-22 00:00:00+00:00,79.85864583333334,1579.5738541666667
2026-04-23 00:00:00+00:00,70.4728125,2100.5099999999998
2026-04-24 00:00:00+00:00,77.02666666666666,2307.7795833333334
2026-04-25 00:00:00+00:00,30.41197916666667,3233.4996874999997
2026-04-26 00:00:00+00:00,66.6359375,1299.0088541666667
2026-04-27 00:00:00+00:00,102.7646875,1177.1570833333333
2026-04-28 00:00:00+00:00,77.780625,1335.2057291666667
2026-04-29 00:00:00+00:00,73.57770833333333,924.1101041666667
2026-04-30 00:00:00+00:00,72.94802083333333,1060.24
2026-05-01 00:00:00+00:00,66.20354166666667,1351.3523958333333
2026-05-02 00:00:00+00:00,71.97885416666666,1858.7856250000002
2026-05-03 00:00:00+00:00,87.985,785.949375
2026-05-04 00:00:00+00:00,124.10260416666667,2060.1571875
2026-05-05 00:00:00+00:00,128.20104166666667,1458.3590625
2026-05-06 00:00:00+00:00,122.44458333333334,1649.6319791666665
2026-05-07 00:00:00+00:00,135.85458333333335,1649.6319791666665
2026-05-08 00:00:00+00:00,113.37895833333333,1649.6319791666665
2026-05-09 00:00:00+00:00,89.145,1337.249375
2026-05-10 00:00:00+00:00,80.51,1756.4032291666665
2026-05-11 00:00:00+00:00,119.26197916666666,1210.3110416666666
2026-05-12 00:00:00+00:00,93.565,2153.8969791666664
2026-05-13 00:00:00+00:00,115.50520833333333,1004.1153125000001
2026-05-14 00:00:00+00:00,94.39395833333333,2223.8609375
2026-05-15 00:00:00+00:00,106.96104166666667,2528.250833333333
2026-05-16 00:00:00+00:00,83.03625,2086.008333333333
2026-05-17 00:00:00+00:00,84.53489583333334,1971.0770833333333
2026-05-18 00:00:00+00:00,138.94697916666667,1638.3195833333332
2026-05-19 00:00:00+00:00,128.11854166666666,1269.7333333333333
2026-05-20 00:00:00+00:00,108.73864583333334,1562.3957291666666
2026-05-21 00:00:00+00:00,108.93364583333333,1926.1346875
2026-05-22 00:00:00+00:00,107.47958333333334,1237.7733333333333
2026-05-23 00:00:00+00:00,78.83979166666667,1675.0690625
2026-05-24 00:00:00+00:00,70.41260416666667,1421.8952083333334
2026-05-25 00:00:00+00:00,79.19645833333333,1620.7727083333332
2026-05-26 00:00:00+00:00,88.10583333333334,1776.8890625000001
2026-05-27 00:00:00+00:00,72.60572916666666,2642.489375
2026-05-28 00:00:00+00:00,121.52208333333334,1447.3052083333332
2026-05-29 00:00:00+00:00,101.41541666666666,1680.286875
2026-05-30 00:00:00+00:00,83.74583333333334,2277.3423958333333
2026-05-31 00:00:00+00:00,94.08437500000001,1199.2585416666668
